s0/i2	s0/i2	s0/i2	exact	diffed
s0/i3	s0/i3	s0/i3	exact	diffed
s0/i5	s0/i5	s0/i5	exact	diffed
s0/i7	s0/i7	s0/i7	exact	diffed
s0/i8	s0/i8	s0/i8	exact	diffed
s0/i10	s0/i10	s0/i10	exact	diffed
s0/i11	s0/i11	s0/i11	exact	diffed
s0/i14	s0/i14	s0/i14	exact	diffed
s0/i19	s0/i19	s0/i19	exact	diffed
s0/i22	s0/i22	s0/i22	exact	diffed
s0/i23	s0/i23	s0/i23	exact	diffed
s1/i2	s1/i2	s1/i2	exact	diffed
s1/i3	s1/i3	s1/i3	exact	diffed
s1/i5	s1/i5	s1/i5	exact	diffed
s1/i6	s1/i6	s1/i6	exact	diffed
s1/i8	s1/i8	s1/i8	exact	diffed
s1/i9	s1/i9	s1/i9	exact	diffed
s1/i12	s1/i12	s1/i12	exact	diffed
s1/i17	s1/i17	s1/i17	exact	diffed
s1/i20	s1/i20	s1/i20	exact	diffed
s1/i21	s1/i21	s1/i21	exact	diffed
s2/i2	s2/i2	s2/i2	exact	diffed
s2/i3	s2/i3	s2/i3	exact	diffed
s2/i5	s2/i5	s2/i5	exact	diffed
s2/i6	s2/i6	s2/i6	exact	diffed
s2/i8	s2/i8	s2/i8	exact	diffed
s2/i9	s2/i9	s2/i9	exact	diffed
s2/i12	s2/i12	s2/i12	exact	diffed
s2/i17	s2/i17	s2/i17	exact	diffed
s2/i20	s2/i20	s2/i20	exact	diffed
s2/i21	s2/i21	s2/i21	exact	diffed
s3/i2	s3/i2	s3/i2	exact	diffed
s3/i3	s3/i3	s3/i3	exact	diffed
s3/i5	s3/i5	s3/i5	exact	diffed
s3/i6	s3/i6	s3/i6	exact	diffed
s3/i8	s3/i8	s3/i8	exact	diffed
s3/i9	s3/i9	s3/i9	exact	diffed
s3/i12	s3/i12	s3/i12	exact	diffed
s3/i17	s3/i17	s3/i17	exact	diffed
s3/i20	s3/i20	s3/i20	exact	diffed
s3/i21	s3/i21	s3/i21	exact	diffed
s4/i0	s4/i0	s4/i0	exact	diffed
s4/i1	s4/i1	s4/i1	exact	diffed
s5/i0	s5/i0	s5/i0	exact	diffed
s5/i1	s5/i1	s5/i1	exact	diffed
s6/i0	s6/i0	s6/i0	exact	diffed
s6/i1	s6/i1	s6/i1	exact	diffed
s7/i0	s7/i0	s7/i0	exact	diffed
s7/i1	s7/i1	s7/i1	exact	diffed
s8/i0	s8/i0	s8/i0	exact	diffed
s8/i1	s8/i1	s8/i1	exact	diffed
s9/i0	s9/i0	s9/i0	exact	diffed
s9/i1	s9/i1	s9/i1	exact	diffed
s10/i2	s10/i2	s10/i2	exact	diffed
s10/i3	s10/i3	s10/i3	exact	diffed
s10/i5	s10/i5	s10/i5	exact	diffed
s10/i7	s10/i7	s10/i7	exact	diffed
s10/i8	s10/i8	s10/i8	exact	diffed
s10/i10	s10/i10	s10/i10	exact	diffed
s10/i11	s10/i11	s10/i11	exact	diffed
s10/i14	s10/i14	s10/i14	exact	diffed
s10/i17	s10/i17	s10/i17	exact	diffed
s10/i20	s10/i20	s10/i20	exact	diffed
s10/i23	s10/i23	s10/i23	exact	diffed
s10/i26	s10/i26	s10/i26	exact	diffed
s10/i27	s10/i27	s10/i27	exact	diffed
s10/i28	s10/i28	s10/i28	exact	diffed
s10/i30	s10/i30	s10/i30	exact	diffed
s10/i34	s10/i34	s10/i34	exact	diffed
s10/i35	s10/i35	s10/i35	exact	diffed
s10/i36	s10/i36	s10/i36	exact	diffed
s10/i37	s10/i37	s10/i37	exact	diffed
s10/i38	s10/i38	s10/i38	exact	diffed
s10/i40	s10/i40	s10/i40	exact	diffed
s10/i42	s10/i42	s10/i42	exact	diffed
s10/i43	s10/i43	s10/i43	exact	diffed
s10/i45	s10/i45	s10/i45	exact	diffed
s10/i46	s10/i46	s10/i46	exact	diffed
s10/i47	s10/i47	s10/i47	shape	diffed
s11/i2	s11/i2	s11/i2	exact	diffed
s11/i3	s11/i3	s11/i3	exact	diffed
s11/i5	s11/i5	s11/i5	exact	diffed
s11/i7	s11/i7	s11/i7	exact	diffed
s11/i8	s11/i8	s11/i8	exact	diffed
s11/i10	s11/i10	s11/i10	exact	diffed
s11/i11	s11/i11	s11/i11	exact	diffed
s11/i14	s11/i14	s11/i14	exact	diffed
s11/i17	s11/i17	s11/i17	exact	diffed
s11/i20	s11/i20	s11/i20	exact	diffed
s11/i23	s11/i23	s11/i23	exact	diffed
s11/i26	s11/i26	s11/i26	exact	diffed
s11/i27	s11/i27	s11/i27	exact	diffed
s11/i28	s11/i28	s11/i28	exact	diffed
s11/i30	s11/i30	s11/i30	exact	diffed
s11/i34	s11/i34	s11/i34	exact	diffed
s11/i35	s11/i35	s11/i35	exact	diffed
s11/i36	s11/i36	s11/i36	exact	diffed
s11/i37	s11/i37	s11/i37	exact	diffed
s11/i38	s11/i38	s11/i38	exact	diffed
s11/i40	s11/i40	s11/i40	exact	diffed
s11/i42	s11/i42	s11/i42	exact	diffed
s11/i43	s11/i43	s11/i43	exact	diffed
s11/i45	s11/i45	s11/i45	exact	diffed
s11/i46	s11/i46	s11/i46	exact	diffed
s11/i47	s11/i47	s11/i47	exact	diffed
s12/i2	s12/i2	s12/i2	exact	diffed
s12/i3	s12/i3	s12/i3	exact	diffed
s12/i5	s12/i5	s12/i5	exact	diffed
s12/i7	s12/i7	s12/i7	exact	diffed
s12/i8	s12/i8	s12/i8	exact	diffed
s12/i10	s12/i10	s12/i10	exact	diffed
s12/i11	s12/i11	s12/i11	exact	diffed
s12/i14	s12/i14	s12/i14	exact	diffed
s12/i17	s12/i17	s12/i17	exact	diffed
s12/i20	s12/i20	s12/i20	exact	diffed
s12/i23	s12/i23	s12/i23	exact	diffed
s12/i26	s12/i26	s12/i26	exact	diffed
s12/i27	s12/i27	s12/i27	exact	diffed
s12/i28	s12/i28	s12/i28	exact	diffed
s12/i30	s12/i30	s12/i30	exact	diffed
s12/i34	s12/i34	s12/i34	exact	diffed
s12/i35	s12/i35	s12/i35	exact	diffed
s12/i36	s12/i36	s12/i36	exact	diffed
s12/i37	s12/i37	s12/i37	exact	diffed
s12/i38	s12/i38	s12/i38	exact	diffed
s12/i40	s12/i40	s12/i40	exact	diffed
s12/i42	s12/i42	s12/i42	exact	diffed
s12/i43	s12/i43	s12/i43	exact	diffed
s12/i45	s12/i45	s12/i45	exact	diffed
s12/i46	s12/i46	s12/i46	exact	diffed
s12/i47	s12/i47	s12/i47	exact	diffed
s13/i1	s13/i1	s13/i1	exact	diffed
s13/i2	s13/i2	s13/i2	exact	diffed
s13/i3	s13/i3	s13/i3	shape	diffed
s14/i2	s14/i2	s14/i2	exact	diffed
s14/i3	s14/i3	s14/i3	exact	diffed
s14/i5	s14/i5	s14/i5	exact	diffed
s14/i7	s14/i7	s14/i7	exact	diffed
s14/i8	s14/i8	s14/i8	exact	diffed
s14/i10	s14/i10	s14/i10	exact	diffed
s14/i11	s14/i11	s14/i11	exact	diffed
s14/i14	s14/i14	s14/i14	exact	diffed
s14/i17	s14/i17	s14/i17	exact	diffed
s14/i20	s14/i20	s14/i20	exact	diffed
s14/i23	s14/i23	s14/i23	exact	diffed
s14/i26	s14/i26	s14/i26	exact	diffed
s14/i27	s14/i27	s14/i27	exact	diffed
s14/i28	s14/i28	s14/i28	exact	diffed
s14/i30	s14/i30	s14/i30	exact	diffed
s14/i34	s14/i34	s14/i34	exact	diffed
s14/i35	s14/i35	s14/i35	exact	diffed
s14/i36	s14/i36	s14/i36	exact	diffed
s14/i37	s14/i37	s14/i37	exact	diffed
s14/i38	s14/i38	s14/i38	exact	diffed
s14/i40	s14/i40	s14/i40	exact	diffed
s14/i42	s14/i42	s14/i42	exact	diffed
s14/i43	s14/i43	s14/i43	exact	diffed
s14/i45	s14/i45	s14/i45	exact	diffed
s14/i46	s14/i46	s14/i46	exact	diffed
s14/i47	s14/i47	s14/i47	exact	diffed
s15/i0	s15/i0	s15/i0	exact	diffed
s15/i2	s15/i2	s15/i2	exact	diffed
s15/i3	s15/i3	s15/i3	exact	diffed
s16/i0	s16/i0	s16/i0	exact	diffed
s16/i1	s16/i1	s16/i1	exact	diffed
s17/i0	s17/i0	s17/i0	exact	diffed
s17/i1	s17/i1	s17/i1	exact	diffed
s18/i0	s18/i0	s18/i0	exact	diffed
s18/i2	s18/i2	s18/i2	exact	diffed
s18/i3	s18/i3	s18/i3	exact	diffed
s18/i5	s18/i5	s18/i5	exact	diffed
s18/i6	s18/i6	s18/i6	exact	diffed
s18/i7	s18/i7	s18/i7	shape	diffed
s19/i1	s19/i1	s19/i1	exact	diffed
s19/i2	s19/i2	s19/i2	exact	diffed
s19/i3	s19/i3	s19/i3	shape	diffed
s20/i0	s20/i0	s20/i0	exact	diffed
s20/i2	s20/i2	s20/i2	exact	diffed
s20/i3	s20/i3	s20/i3	exact	diffed
s20/i5	s20/i5	s20/i5	exact	diffed
s20/i6	s20/i6	s20/i6	exact	diffed
s20/i7	s20/i7	s20/i7	shape	diffed
s21/i0	s21/i0	s21/i0	shape	diffed
s21/i2	s21/i2	s21/i2	exact	diffed
s21/i3	s21/i3	s21/i3	shape	diffed
s22/i0	s22/i0	s22/i0	exact	diffed
s22/i2	s22/i2	s22/i2	exact	diffed
s22/i3	s22/i3	s22/i3	exact	diffed
s22/i4	s22/i4	s22/i4	shape	diffed
s22/i6	s22/i6	s22/i6	exact	diffed
s22/i7	s22/i7	s22/i7	shape	diffed
s23/i0	s23/i0	s23/i0	exact	diffed
s23/i3	s23/i3	s23/i3	exact	diffed
s23/i4	s23/i4	s23/i4	exact	diffed
s23/i5	s23/i5	s23/i5	exact	diffed
s24/i0	s24/i0	s24/i0	shape	diffed
s24/i1	s24/i1	s24/i1	exact	diffed
s24/i2	s24/i2	s24/i2	exact	diffed
s24/i3	s24/i3	s24/i3	shape	diffed
s25/i0	s25/i0	s25/i0	shape	diffed
s25/i1	s25/i1	s25/i1	exact	diffed
s25/i2	s25/i2	s25/i2	exact	diffed
s25/i3	s25/i3	s25/i3	shape	diffed
s25/i5	s25/i5	s25/i5	exact	diffed
s25/i6	s25/i6	s25/i6	exact	diffed
s25/i7	s25/i7	s25/i7	shape	diffed
s26/i1	s26/i1	s26/i1	exact	diffed
s26/i2	s26/i2	s26/i2	exact	diffed
s26/i3	s26/i3	s26/i3	shape	diffed
s27/i0	s27/i0	s27/i0	shape	diffed
s27/i1	s27/i1	s27/i1	shape	diffed
s28/i0	s28/i0	s28/i0	shape	diffed
s28/i1	s28/i1	s28/i1	exact	diffed
s28/i2	s28/i2	s28/i2	exact	diffed
s28/i3	s28/i3	s28/i3	shape	diffed
s28/i4	s28/i4	s28/i4	shape	diffed
s28/i5	s28/i5	s28/i5	exact	diffed
s28/i6	s28/i6	s28/i6	exact	diffed
s28/i7	s28/i7	s28/i7	shape	diffed
s29/i2	s29/i2	s29/i2	exact	diffed
s29/i4	s29/i4	s29/i4	exact	diffed
s29/i6	s29/i6	s29/i6	exact	diffed
s29/i9	s29/i9	s29/i9	exact	diffed
s29/i10	s29/i10	s29/i10	exact	diffed
s29/i12	s29/i12	s29/i12	exact	diffed
s29/i14	s29/i14	s29/i14	exact	diffed
s29/i17	s29/i17	s29/i17	exact	diffed
s30/i2	s30/i2	s30/i2	exact	diffed
s30/i4	s30/i4	s30/i4	exact	diffed
s30/i6	s30/i6	s30/i6	exact	diffed
s30/i9	s30/i9	s30/i9	exact	diffed
s30/i10	s30/i10	s30/i10	exact	diffed
s30/i12	s30/i12	s30/i12	exact	diffed
s30/i13	s30/i13	s30/i13	exact	diffed
s31/i0	s31/i0	s31/i0	exact	diffed
s31/i1	s31/i1	s31/i1	exact	diffed
s32/i2	s32/i2	s32/i2	exact	diffed
s32/i5	s32/i5	s32/i5	exact	diffed
s33/i1	s33/i1	s33/i1	exact	diffed
s34/i2	s34/i2	s34/i2	exact	diffed
s34/i5	s34/i5	s34/i5	exact	diffed
s34/i6	s34/i6	s34/i6	exact	diffed
s34/i7	s34/i7	s34/i7	exact	diffed
s35/i2	s35/i2	s35/i2	exact	diffed
s35/i5	s35/i5	s35/i5	exact	diffed
s35/i7	s35/i7	s35/i7	exact	diffed
s36/i0	s36/i0	s36/i0	exact	diffed
s36/i1	s36/i1	s36/i1	exact	diffed
s37/i0	s37/i0	s37/i0	exact	diffed
s37/i1	s37/i1	s37/i1	exact	diffed
s38/i0	s38/i0	s38/i0	exact	diffed
s38/i1	s38/i1	s38/i1	exact	diffed
s38/i2	s38/i2	s38/i2	exact	diffed
s38/i3	s38/i3	s38/i3	exact	diffed
s39/i0	s39/i0	s39/i0	exact	diffed
s39/i1	s39/i1	s39/i1	exact	diffed
s39/i2	s39/i2	s39/i2	exact	diffed
s39/i3	s39/i3	s39/i3	exact	diffed
s39/i5	s39/i5	s39/i5	exact	diffed
s39/i6	s39/i6	s39/i6	exact	diffed
s39/i9	s39/i9	s39/i9	exact	diffed
s39/i10	s39/i10	s39/i10	exact	diffed
s39/i11	s39/i11	s39/i11	shape	diffed
s40/i0	s40/i0	s40/i0	exact	diffed
s40/i1	s40/i1	s40/i1	exact	diffed
s40/i2	s40/i2	s40/i2	exact	diffed
s40/i3	s40/i3	s40/i3	exact	diffed
s40/i5	s40/i5	s40/i5	exact	diffed
s40/i6	s40/i6	s40/i6	exact	diffed
s40/i7	s40/i7	s40/i7	shape	diffed
s41/i0	s41/i0	s41/i0	exact	diffed
s41/i1	s41/i1	s41/i1	exact	diffed
s42/i0	s42/i0	s42/i0	exact	diffed
s42/i1	s42/i1	s42/i1	exact	diffed
s43/i0	s43/i0	s43/i0	exact	diffed
s43/i1	s43/i1	s43/i1	exact	diffed
s43/i2	s43/i2	s43/i2	exact	diffed
s43/i3	s43/i3	s43/i3	exact	diffed
s44/i0	s44/i0	s44/i0	exact	diffed
s44/i1	s44/i1	s44/i1	exact	diffed
s44/i2	s44/i2	s44/i2	exact	diffed
s44/i3	s44/i3	s44/i3	exact	diffed
s44/i5	s44/i5	s44/i5	exact	diffed
s44/i6	s44/i6	s44/i6	exact	diffed
s44/i7	s44/i7	s44/i7	shape	diffed
s45/i0	s45/i0	s45/i0	exact	diffed
s45/i1	s45/i1	s45/i1	exact	diffed
s45/i2	s45/i2	s45/i2	exact	diffed
s45/i3	s45/i3	s45/i3	exact	diffed
s45/i5	s45/i5	s45/i5	exact	diffed
s45/i6	s45/i6	s45/i6	exact	diffed
s45/i7	s45/i7	s45/i7	shape	diffed
s46/i1	s46/i1	s46/i1	exact	diffed
s46/i2	s46/i2	s46/i2	exact	diffed
s46/i3	s46/i3	s46/i3	shape	diffed
s47/i0	s47/i0	s47/i0	exact	diffed
s47/i1	s47/i1	s47/i1	exact	diffed
s48/i0	s48/i0	s48/i0	exact	diffed
s48/i1	s48/i1	s48/i1	exact	diffed
s49/i2	s49/i2	s49/i2	exact	diffed
s49/i3	s49/i3	s49/i3	exact	diffed
s49/i5	s49/i5	s49/i5	exact	diffed
s49/i7	s49/i7	s49/i7	exact	diffed
s49/i8	s49/i8	s49/i8	exact	diffed
s49/i10	s49/i10	s49/i10	exact	diffed
s49/i11	s49/i11	s49/i11	exact	diffed
s49/i14	s49/i14	s49/i14	exact	diffed
s49/i17	s49/i17	s49/i17	exact	diffed
s49/i20	s49/i20	s49/i20	exact	diffed
s49/i23	s49/i23	s49/i23	exact	diffed
s49/i26	s49/i26	s49/i26	exact	diffed
s49/i27	s49/i27	s49/i27	exact	diffed
s49/i28	s49/i28	s49/i28	exact	diffed
s49/i30	s49/i30	s49/i30	exact	diffed
s49/i34	s49/i34	s49/i34	exact	diffed
s49/i35	s49/i35	s49/i35	exact	diffed
s49/i36	s49/i36	s49/i36	exact	diffed
s49/i37	s49/i37	s49/i37	exact	diffed
s49/i38	s49/i38	s49/i38	exact	diffed
s49/i40	s49/i40	s49/i40	exact	diffed
s49/i42	s49/i42	s49/i42	exact	diffed
s49/i43	s49/i43	s49/i43	exact	diffed
s49/i44	s49/i44	s49/i44	exact	diffed
s49/i45	s49/i45	s49/i45	exact	diffed
s50/i0	s50/i0	s50/i0	exact	diffed
s50/i1	s50/i1	s50/i1	exact	diffed
s51/i0	s51/i0	s51/i0	exact	diffed
s51/i1	s51/i1	s51/i1	exact	diffed
s52/i0	s52/i0	s52/i0	exact	diffed
s52/i1	s52/i1	s52/i1	exact	diffed
s53/i0	s53/i0	s53/i0	exact	diffed
s53/i1	s53/i1	s53/i1	exact	diffed
s54/i2	s54/i2	s54/i2	exact	diffed
s54/i3	s54/i3	s54/i3	exact	diffed
s54/i5	s54/i5	s54/i5	exact	diffed
s54/i7	s54/i7	s54/i7	exact	diffed
s54/i8	s54/i8	s54/i8	exact	diffed
s54/i10	s54/i10	s54/i10	exact	diffed
s54/i11	s54/i11	s54/i11	exact	diffed
s54/i14	s54/i14	s54/i14	exact	diffed
s54/i17	s54/i17	s54/i17	exact	diffed
s54/i20	s54/i20	s54/i20	exact	diffed
s54/i23	s54/i23	s54/i23	exact	diffed
s54/i26	s54/i26	s54/i26	exact	diffed
s54/i27	s54/i27	s54/i27	exact	diffed
s54/i28	s54/i28	s54/i28	exact	diffed
s54/i30	s54/i30	s54/i30	exact	diffed
s54/i34	s54/i34	s54/i34	exact	diffed
s54/i35	s54/i35	s54/i35	exact	diffed
s54/i36	s54/i36	s54/i36	exact	diffed
s54/i37	s54/i37	s54/i37	exact	diffed
s54/i38	s54/i38	s54/i38	exact	diffed
s54/i40	s54/i40	s54/i40	exact	diffed
s54/i42	s54/i42	s54/i42	exact	diffed
s54/i43	s54/i43	s54/i43	exact	diffed
s54/i44	s54/i44	s54/i44	exact	diffed
s55/i0	s55/i0	s55/i0	exact	diffed
s56/i2	s56/i2	s56/i2	exact	diffed
s56/i5	s56/i5	s56/i5	exact	diffed
s57/i1	s57/i1	s57/i1	exact	diffed
s58/i4	s58/i4	s58/i6	exact	diffed
s58/i5	s58/i5	s58/i5	exact	diffed
s58/i6	s58/i6	s58/i4	exact	diffed
s58/i7	s58/i7	s58/i7	exact	diffed
s59/i3	s59/i3	s59/i4	exact	diffed
s59/i4	s59/i4	s59/i3	exact	diffed
s59/i5	s59/i5	s59/i5	exact	diffed
s60/i5	s60/i5	s60/i7	exact	diffed
s60/i6	s60/i6	s60/i5	exact	diffed
s60/i7	s60/i7	s60/i6	exact	diffed
s60/i9	s60/i9	s60/i9	exact	diffed
s61/i2	s61/i2	s61/i2	exact	diffed
s61/i3	s61/i3	s61/i3	exact	diffed
s62/i4	s62/i4	s62/i4	exact	diffed
s62/i7	s62/i7	s62/i7	exact	diffed
s63/i5	s63/i5	s63/i8	exact	diffed
s63/i6	s63/i6	s63/i6	exact	diffed
s63/i7	s63/i7	s63/i5	exact	diffed
s63/i8	s63/i8	s63/i7	exact	diffed
s63/i9	s63/i9	s63/i9	exact	diffed
s64/i5	s64/i5	s64/i5	exact	diffed
s64/i6	s64/i6	s64/i6	exact	diffed
s64/i7	s64/i7	s64/i7	exact	diffed
s64/i8	s64/i8	s64/i8	exact	diffed
s64/i9	s64/i9	s64/i9	exact	diffed
s65/i1	s65/i1	s65/i1	exact	diffed
s66/i2	s66/i2	s66/i2	exact	diffed
s66/i3	s66/i3	s66/i3	exact	diffed
s66/i5	s66/i5	s66/i5	exact	diffed
s66/i7	s66/i7	s66/i7	exact	diffed
s66/i8	s66/i8	s66/i8	exact	diffed
s66/i10	s66/i10	s66/i10	exact	diffed
s66/i11	s66/i11	s66/i11	exact	diffed
s66/i14	s66/i14	s66/i14	exact	diffed
s66/i17	s66/i17	s66/i17	exact	diffed
s66/i20	s66/i20	s66/i20	exact	diffed
s66/i23	s66/i23	s66/i23	exact	diffed
s66/i26	s66/i26	s66/i26	exact	diffed
s66/i27	s66/i27	s66/i27	exact	diffed
s66/i28	s66/i28	s66/i28	exact	diffed
s66/i30	s66/i30	s66/i30	exact	diffed
s66/i34	s66/i34	s66/i34	exact	diffed
s66/i35	s66/i35	s66/i35	exact	diffed
s66/i36	s66/i36	s66/i36	exact	diffed
s66/i37	s66/i37	s66/i37	exact	diffed
s66/i38	s66/i38	s66/i38	exact	diffed
s66/i40	s66/i40	s66/i40	exact	diffed
s66/i42	s66/i42	s66/i42	exact	diffed
s66/i43	s66/i43	s66/i43	exact	diffed
s67/i0	s67/i0	s67/i0	exact	diffed
s67/i1	s67/i1	s67/i1	exact	diffed
s67/i2	s67/i2	s67/i2	exact	diffed
s67/i3	s67/i3	s67/i3	exact	diffed
s68/i0	s68/i0	s68/i0	exact	diffed
s68/i1	s68/i1	s68/i1	exact	diffed
s68/i2	s68/i2	s68/i2	exact	diffed
s68/i3	s68/i3	s68/i3	exact	diffed
s68/i5	s68/i5	s68/i5	exact	diffed
s68/i6	s68/i6	s68/i6	exact	diffed
s68/i7	s68/i7	s68/i7	exact	diffed
s69/i0	s69/i0	s69/i0	exact	diffed
s69/i1	s69/i1	s69/i1	exact	diffed
s69/i2	s69/i2	s69/i2	exact	diffed
s69/i3	s69/i3	s69/i3	exact	diffed
s69/i5	s69/i5	s69/i5	exact	diffed
s69/i6	s69/i6	s69/i6	exact	diffed
s69/i7	s69/i7	s69/i7	shape	diffed
s70/i0	s70/i0	s70/i0	exact	diffed
s70/i1	s70/i1	s70/i1	exact	diffed
s71/i0	s71/i0	s71/i0	exact	diffed
s71/i1	s71/i1	s71/i1	exact	diffed
s72/i0	s72/i0	s72/i0	exact	diffed
s72/i1	s72/i1	s72/i1	exact	diffed
s72/i2	s72/i2	s72/i2	exact	diffed
s72/i3	s72/i3	s72/i3	exact	diffed
s73/i0	s73/i0	s73/i0	exact	diffed
s73/i1	s73/i1	s73/i1	exact	diffed
s73/i2	s73/i2	s73/i2	exact	diffed
s73/i3	s73/i3	s73/i3	exact	diffed
s73/i5	s73/i5	s73/i5	exact	diffed
s73/i6	s73/i6	s73/i6	exact	diffed
s74/i0	s74/i0	s74/i0	exact	diffed
s74/i1	s74/i1	s74/i1	exact	diffed
s74/i2	s74/i2	s74/i2	exact	diffed
s74/i3	s74/i3	s74/i3	exact	diffed
s74/i5	s74/i5	s74/i5	exact	diffed
s74/i6	s74/i6	s74/i6	exact	diffed
s74/i7	s74/i7	s74/i7	shape	diffed
s75/i0	s75/i0	s75/i0	exact	diffed
s75/i1	s75/i1	s75/i1	exact	diffed
s76/i0	s76/i0	s76/i0	exact	diffed
s76/i1	s76/i1	s76/i1	exact	diffed
s77/i0	s77/i0	s77/i0	exact	diffed
s77/i1	s77/i1	s77/i1	exact	diffed
s78/i2	s78/i2	s78/i2	exact	diffed
s78/i3	s78/i3	s78/i3	exact	diffed
s79/i3	s79/i3	s79/i3	exact	diffed
s80/i2	s80/i2	s80/i2	exact	diffed
s80/i3	s80/i3	s80/i3	exact	diffed
s81/i1	s81/i1	s81/i1	exact	diffed
s82/i2	s82/i2	s82/i2	exact	diffed
s82/i3	s82/i3	s82/i3	exact	diffed
s83/i2	s83/i2	s83/i2	exact	diffed
s83/i3	s83/i3	s83/i3	exact	diffed
s84/i3	s84/i3	s84/i3	exact	diffed
s85/i3	s85/i3	s85/i3	exact	diffed
s86/i0	s86/i0	s86/i0	exact	diffed
s86/i2	s86/i2	s86/i2	exact	diffed
s86/i5	s86/i5	s86/i5	exact	diffed
s87/i0	s87/i0	s87/i0	exact	diffed
s87/i2	s87/i2	s87/i2	exact	diffed
s87/i5	s87/i5	s87/i5	exact	diffed
s87/i8	s87/i8	s87/i8	exact	diffed
s87/i10	s87/i10	s87/i10	exact	diffed
s88/i0	s88/i0	s88/i0	exact	diffed
s88/i2	s88/i2	s88/i2	exact	diffed
s88/i5	s88/i5	s88/i5	exact	diffed
s88/i8	s88/i8	s88/i8	exact	diffed
s88/i9	s88/i9	s88/i9	exact	diffed
s89/i2	s89/i2	s89/i2	exact	diffed
s89/i3	s89/i3	s89/i3	exact	diffed
s90/i0	s90/i0	s90/i0	exact	diffed
s90/i2	s90/i2	s90/i2	exact	diffed
s90/i5	s90/i5	s90/i5	exact	diffed
s90/i8	s90/i8	s90/i8	exact	diffed
s90/i9	s90/i9	s90/i9	exact	diffed
s91/i0	s91/i0	s91/i0	exact	diffed
s91/i2	s91/i2	s91/i2	exact	diffed
s91/i5	s91/i5	s91/i5	exact	diffed
s91/i6	s91/i6	s91/i6	exact	diffed
s91/i8	s91/i8	s91/i8	exact	diffed
s91/i10	s91/i10	s91/i10	exact	diffed
s91/i13	s91/i13	s91/i13	exact	diffed
s92/i2	s92/i2	s92/i2	exact	diffed
s92/i5	s92/i5	s92/i5	exact	diffed
s93/i4	s93/i4	s93/i4	exact	diffed
s93/i7	s93/i7	s93/i7	exact	diffed
s93/i9	s93/i9	s93/i9	exact	diffed
s94/i7	s94/i7	s94/i7	exact	diffed
s95/i0	s95/i0	s95/i0	exact	diffed
s95/i1	s95/i1	s95/i1	exact	diffed
s95/i2	s95/i2	s95/i2	exact	diffed
s95/i3	s95/i3	s95/i3	exact	diffed
s96/i0	s96/i0	s96/i0	exact	diffed
s96/i1	s96/i1	s96/i1	exact	diffed
s96/i2	s96/i2	s96/i2	exact	diffed
s96/i3	s96/i3	s96/i3	exact	diffed
s96/i5	s96/i5	s96/i5	exact	diffed
s96/i6	s96/i6	s96/i6	exact	diffed
s96/i7	s96/i7	s96/i7	exact	diffed
s97/i0	s97/i0	s97/i0	exact	diffed
s97/i1	s97/i1	s97/i1	exact	diffed
s97/i2	s97/i2	s97/i2	exact	diffed
s97/i3	s97/i3	s97/i3	exact	diffed
s97/i5	s97/i5	s97/i5	exact	diffed
s97/i6	s97/i6	s97/i6	exact	diffed
s97/i7	s97/i7	s97/i7	shape	diffed
s98/i0	s98/i0	s98/i0	exact	diffed
s98/i1	s98/i1	s98/i1	exact	diffed
s99/i0	s99/i0	s99/i0	exact	diffed
s99/i1	s99/i1	s99/i1	exact	diffed
s100/i2	s100/i2	s100/i2	exact	diffed
s100/i3	s100/i3	s100/i3	exact	diffed
s100/i5	s100/i5	s100/i5	exact	diffed
s100/i7	s100/i7	s100/i7	exact	diffed
s100/i8	s100/i8	s100/i8	exact	diffed
s100/i10	s100/i10	s100/i10	exact	diffed
s100/i11	s100/i11	s100/i11	exact	diffed
s100/i14	s100/i14	s100/i14	exact	diffed
s100/i17	s100/i17	s100/i17	exact	diffed
s100/i20	s100/i20	s100/i20	exact	diffed
s100/i23	s100/i23	s100/i23	exact	diffed
s100/i26	s100/i26	s100/i26	exact	diffed
s100/i27	s100/i27	s100/i27	exact	diffed
s100/i28	s100/i28	s100/i28	exact	diffed
s100/i30	s100/i30	s100/i30	exact	diffed
s100/i34	s100/i34	s100/i34	exact	diffed
s100/i35	s100/i35	s100/i35	exact	diffed
s100/i36	s100/i36	s100/i36	exact	diffed
s100/i37	s100/i37	s100/i37	exact	diffed
s100/i38	s100/i38	s100/i38	exact	diffed
s100/i40	s100/i40	s100/i40	exact	diffed
s100/i42	s100/i42	s100/i42	exact	diffed
s100/i43	s100/i43	s100/i43	exact	diffed
s101/i2	s101/i2	s101/i2	exact	diffed
s101/i3	s101/i3	s101/i3	exact	diffed
s101/i5	s101/i5	s101/i5	exact	diffed
s101/i7	s101/i7	s101/i7	exact	diffed
s101/i8	s101/i8	s101/i8	exact	diffed
s101/i10	s101/i10	s101/i10	exact	diffed
s101/i11	s101/i11	s101/i11	exact	diffed
s101/i14	s101/i14	s101/i14	exact	diffed
s101/i17	s101/i17	s101/i17	exact	diffed
s101/i20	s101/i20	s101/i20	exact	diffed
s101/i23	s101/i23	s101/i23	exact	diffed
s101/i26	s101/i26	s101/i26	exact	diffed
s101/i27	s101/i27	s101/i27	exact	diffed
s101/i28	s101/i28	s101/i28	exact	diffed
s101/i30	s101/i30	s101/i30	exact	diffed
s101/i34	s101/i34	s101/i34	exact	diffed
s101/i35	s101/i35	s101/i35	exact	diffed
s101/i36	s101/i36	s101/i36	exact	diffed
s101/i37	s101/i37	s101/i37	exact	diffed
s101/i38	s101/i38	s101/i38	exact	diffed
s101/i40	s101/i40	s101/i40	exact	diffed
s101/i42	s101/i42	s101/i42	exact	diffed
s101/i43	s101/i43	s101/i43	exact	diffed
s102/i2	s102/i2	s102/i2	exact	diffed
s102/i3	s102/i3	s102/i3	exact	diffed
s102/i5	s102/i5	s102/i5	exact	diffed
s102/i7	s102/i7	s102/i7	exact	diffed
s102/i8	s102/i8	s102/i8	exact	diffed
s102/i10	s102/i10	s102/i10	exact	diffed
s102/i11	s102/i11	s102/i11	exact	diffed
s102/i14	s102/i14	s102/i14	exact	diffed
s102/i17	s102/i17	s102/i17	exact	diffed
s102/i20	s102/i20	s102/i20	exact	diffed
s102/i23	s102/i23	s102/i23	exact	diffed
s102/i26	s102/i26	s102/i26	exact	diffed
s102/i27	s102/i27	s102/i27	exact	diffed
s102/i28	s102/i28	s102/i28	exact	diffed
s102/i30	s102/i30	s102/i30	exact	diffed
s102/i34	s102/i34	s102/i34	exact	diffed
s102/i35	s102/i35	s102/i35	exact	diffed
s102/i36	s102/i36	s102/i36	exact	diffed
s102/i37	s102/i37	s102/i37	exact	diffed
s102/i38	s102/i38	s102/i38	exact	diffed
s102/i40	s102/i40	s102/i40	exact	diffed
s102/i42	s102/i42	s102/i42	exact	diffed
s102/i43	s102/i43	s102/i43	exact	diffed
s102/i44	s102/i44	s102/i44	exact	diffed
s102/i45	s102/i45	s102/i45	exact	diffed
s102/i46	s102/i46	s102/i46	exact	diffed
s102/i47	s102/i47	s102/i47	exact	diffed
s103/i2	s103/i2	s103/i2	exact	diffed
s103/i3	s103/i3	s103/i3	exact	diffed
s103/i5	s103/i5	s103/i5	exact	diffed
s103/i7	s103/i7	s103/i7	exact	diffed
s103/i8	s103/i8	s103/i8	exact	diffed
s103/i10	s103/i10	s103/i10	exact	diffed
s103/i11	s103/i11	s103/i11	exact	diffed
s103/i14	s103/i14	s103/i14	exact	diffed
s103/i17	s103/i17	s103/i17	exact	diffed
s103/i20	s103/i20	s103/i20	exact	diffed
s103/i23	s103/i23	s103/i23	exact	diffed
s103/i26	s103/i26	s103/i26	exact	diffed
s103/i27	s103/i27	s103/i27	exact	diffed
s103/i28	s103/i28	s103/i28	exact	diffed
s103/i30	s103/i30	s103/i30	exact	diffed
s103/i34	s103/i34	s103/i34	exact	diffed
s103/i35	s103/i35	s103/i35	exact	diffed
s103/i36	s103/i36	s103/i36	exact	diffed
s103/i37	s103/i37	s103/i37	exact	diffed
s103/i38	s103/i38	s103/i38	exact	diffed
s103/i40	s103/i40	s103/i40	exact	diffed
s103/i42	s103/i42	s103/i42	exact	diffed
s103/i43	s103/i43	s103/i43	exact	diffed
s103/i44	s103/i44	s103/i44	shape	diffed
s103/i46	s103/i46	s103/i46	exact	diffed
s103/i48	s103/i48	s103/i48	exact	diffed
s103/i50	s103/i50	s103/i50	exact	diffed
s103/i51	s103/i51	s103/i51	shape	diffed
s103/i52	s103/i52	s103/i52	shape	diffed
s103/i54	s103/i54	s103/i54	exact	diffed
s103/i56	s103/i56	s103/i56	exact	diffed
s103/i58	s103/i58	s103/i58	exact	diffed
s103/i59	s103/i59	s103/i59	shape	diffed
s103/i60	s103/i60	s103/i60	shape	diffed
s103/i62	s103/i62	s103/i62	exact	diffed
s103/i64	s103/i64	s103/i64	exact	diffed
s103/i66	s103/i66	s103/i66	exact	diffed
s103/i67	s103/i67	s103/i67	shape	diffed
s103/i70	s103/i70	s103/i70	exact	diffed
s103/i71	s103/i71	s103/i71	shape	diffed
s103/i73	s103/i73	s103/i73	exact	diffed
s103/i74	s103/i74	s103/i74	exact	diffed
s103/i75	s103/i75	s103/i75	shape	diffed
s104/i2	s104/i2	s104/i2	exact	diffed
s104/i3	s104/i3	s104/i3	exact	diffed
s104/i5	s104/i5	s104/i5	exact	diffed
s104/i7	s104/i7	s104/i7	exact	diffed
s104/i8	s104/i8	s104/i8	exact	diffed
s104/i10	s104/i10	s104/i10	exact	diffed
s104/i11	s104/i11	s104/i11	exact	diffed
s104/i14	s104/i14	s104/i14	exact	diffed
s104/i17	s104/i17	s104/i17	exact	diffed
s104/i20	s104/i20	s104/i20	exact	diffed
s104/i23	s104/i23	s104/i23	exact	diffed
s104/i26	s104/i26	s104/i26	exact	diffed
s104/i27	s104/i27	s104/i27	exact	diffed
s104/i28	s104/i28	s104/i28	exact	diffed
s104/i30	s104/i30	s104/i30	exact	diffed
s104/i34	s104/i34	s104/i34	exact	diffed
s104/i35	s104/i35	s104/i35	exact	diffed
s104/i36	s104/i36	s104/i36	exact	diffed
s104/i37	s104/i37	s104/i37	exact	diffed
s104/i38	s104/i38	s104/i38	exact	diffed
s104/i40	s104/i40	s104/i40	exact	diffed
s104/i42	s104/i42	s104/i42	exact	diffed
s104/i43	s104/i43	s104/i43	exact	diffed
s105/i2	s105/i2	s105/i2	exact	diffed
s105/i3	s105/i3	s105/i3	exact	diffed
s105/i5	s105/i5	s105/i5	exact	diffed
s105/i7	s105/i7	s105/i7	exact	diffed
s105/i8	s105/i8	s105/i8	exact	diffed
s105/i10	s105/i10	s105/i10	exact	diffed
s105/i11	s105/i11	s105/i11	exact	diffed
s105/i14	s105/i14	s105/i14	exact	diffed
s105/i17	s105/i17	s105/i17	exact	diffed
s105/i20	s105/i20	s105/i20	exact	diffed
s105/i23	s105/i23	s105/i23	exact	diffed
s105/i26	s105/i26	s105/i26	exact	diffed
s105/i27	s105/i27	s105/i27	exact	diffed
s105/i28	s105/i28	s105/i28	exact	diffed
s105/i29	s105/i29	s105/i29	exact	diffed
s106/i2	s106/i2	s106/i2	exact	diffed
s106/i3	s106/i3	s106/i3	exact	diffed
s106/i5	s106/i5	s106/i5	exact	diffed
s106/i7	s106/i7	s106/i7	exact	diffed
s106/i8	s106/i8	s106/i8	exact	diffed
s106/i10	s106/i10	s106/i10	exact	diffed
s106/i11	s106/i11	s106/i11	exact	diffed
s106/i14	s106/i14	s106/i14	exact	diffed
s106/i17	s106/i17	s106/i17	exact	diffed
s106/i20	s106/i20	s106/i20	exact	diffed
s106/i23	s106/i23	s106/i23	exact	diffed
s106/i26	s106/i26	s106/i26	exact	diffed
s106/i27	s106/i27	s106/i27	exact	diffed
s106/i28	s106/i28	s106/i28	exact	diffed
s106/i30	s106/i30	s106/i30	exact	diffed
s106/i34	s106/i34	s106/i34	exact	diffed
s106/i35	s106/i35	s106/i35	exact	diffed
s106/i36	s106/i36	s106/i36	exact	diffed
s106/i37	s106/i37	s106/i37	exact	diffed
s106/i38	s106/i38	s106/i38	exact	diffed
s106/i40	s106/i40	s106/i40	exact	diffed
s106/i42	s106/i42	s106/i42	exact	diffed
s106/i43	s106/i43	s106/i43	exact	diffed
s106/i46	s106/i46	s106/i46	exact	diffed
s106/i47	s106/i47	s106/i47	shape	diffed
s107/i2	s107/i2	s107/i2	exact	diffed
s107/i3	s107/i3	s107/i3	exact	diffed
s107/i5	s107/i5	s107/i5	exact	diffed
s107/i7	s107/i7	s107/i7	exact	diffed
s107/i8	s107/i8	s107/i8	exact	diffed
s107/i10	s107/i10	s107/i10	exact	diffed
s107/i11	s107/i11	s107/i11	exact	diffed
s107/i14	s107/i14	s107/i14	exact	diffed
s107/i17	s107/i17	s107/i17	exact	diffed
s107/i20	s107/i20	s107/i20	exact	diffed
s107/i23	s107/i23	s107/i23	exact	diffed
s107/i26	s107/i26	s107/i26	exact	diffed
s107/i27	s107/i27	s107/i27	exact	diffed
s107/i28	s107/i28	s107/i28	exact	diffed
s107/i30	s107/i30	s107/i30	exact	diffed
s107/i34	s107/i34	s107/i34	exact	diffed
s107/i35	s107/i35	s107/i35	exact	diffed
s107/i36	s107/i36	s107/i36	exact	diffed
s107/i37	s107/i37	s107/i37	exact	diffed
s107/i38	s107/i38	s107/i38	exact	diffed
s107/i40	s107/i40	s107/i40	exact	diffed
s107/i42	s107/i42	s107/i42	exact	diffed
s107/i43	s107/i43	s107/i43	exact	diffed
s107/i46	s107/i46	s107/i46	exact	diffed
s107/i47	s107/i47	s107/i47	shape	diffed
s108/i2	s108/i2	s108/i2	exact	diffed
s108/i3	s108/i3	s108/i3	shape	diffed
s109/i1	s109/i1	s109/i1	exact	diffed
s109/i2	s109/i2	s109/i2	exact	diffed
s109/i3	s109/i3	s109/i3	exact	diffed
s109/i4	s109/i4	s109/i4	exact	diffed
s109/i5	s109/i5	s109/i5	exact	diffed
s109/i7	s109/i7	s109/i7	exact	diffed
s109/i9	s109/i9	s109/i9	exact	diffed
s109/i10	s109/i10	s109/i12	exact	partner has no body
s109/i11	s109/i11	s109/i13	exact	diffed
s109/i13	s109/i13	s109/i11	exact	diffed
s109/i14	-	-	refused	exit 2: i14 is out of range — s109 in xunit-4.0.2-b.json has 14 interactions.
s109/i15	-	-	refused	exit 2: i15 is out of range — s109 in xunit-4.0.2-b.json has 14 interactions.
s110/i2	s110/i2	s110/i2	exact	diffed
s110/i3	s110/i3	s110/i3	exact	diffed
s110/i5	s110/i5	s110/i5	exact	diffed
s110/i7	s110/i7	s110/i7	exact	diffed
s110/i8	s110/i8	s110/i8	exact	diffed
s110/i10	s110/i10	s110/i10	exact	diffed
s110/i11	s110/i11	s110/i11	exact	diffed
s110/i14	s110/i14	s110/i14	exact	diffed
s110/i17	s110/i17	s110/i17	exact	diffed
s110/i20	s110/i20	s110/i20	exact	diffed
s110/i23	s110/i23	s110/i23	exact	diffed
s110/i26	s110/i26	s110/i26	exact	diffed
s110/i27	s110/i27	s110/i27	exact	diffed
s110/i28	s110/i28	s110/i28	exact	diffed
s110/i30	s110/i30	s110/i30	exact	diffed
s110/i34	s110/i34	s110/i34	exact	diffed
s110/i35	s110/i35	s110/i35	exact	diffed
s110/i36	s110/i36	s110/i36	exact	diffed
s110/i37	s110/i37	s110/i37	exact	diffed
s110/i38	s110/i38	s110/i38	exact	diffed
s110/i40	s110/i40	s110/i40	exact	diffed
s110/i42	s110/i42	s110/i42	exact	diffed
s110/i43	s110/i43	s110/i43	exact	diffed
s110/i44	s110/i44	s110/i44	exact	diffed
s110/i46	s110/i46	s110/i46	exact	diffed
s110/i50	s110/i50	s110/i50	exact	diffed
s110/i51	s110/i51	s110/i51	exact	diffed
s110/i52	s110/i52	s110/i52	exact	diffed
s110/i53	s110/i53	s110/i53	exact	diffed
s110/i54	s110/i54	s110/i54	exact	diffed
s110/i56	s110/i56	s110/i56	exact	diffed
s110/i58	s110/i58	s110/i58	exact	diffed
s110/i59	s110/i59	s110/i59	exact	diffed
s110/i61	s110/i61	s110/i61	exact	diffed
s110/i62	s110/i62	s110/i62	exact	diffed
s110/i63	s110/i63	s110/i63	exact	diffed
s111/i1	s111/i1	s111/i1	exact	diffed
s111/i2	s111/i2	s111/i2	exact	diffed
s111/i3	s111/i3	s111/i3	exact	diffed
s112/i2	s112/i2	s112/i2	exact	diffed
s112/i3	s112/i3	s112/i3	exact	diffed
s112/i5	s112/i5	s112/i5	exact	diffed
s112/i7	s112/i7	s112/i7	exact	diffed
s112/i8	s112/i8	s112/i8	exact	diffed
s112/i10	s112/i10	s112/i10	exact	diffed
s112/i11	s112/i11	s112/i11	exact	diffed
s112/i14	s112/i14	s112/i14	exact	diffed
s112/i17	s112/i17	s112/i17	exact	diffed
s112/i20	s112/i20	s112/i20	exact	diffed
s112/i23	s112/i23	s112/i23	exact	diffed
s112/i26	s112/i26	s112/i26	exact	diffed
s112/i27	s112/i27	s112/i27	exact	diffed
s112/i28	s112/i28	s112/i28	exact	diffed
s112/i30	s112/i30	s112/i30	exact	diffed
s112/i34	s112/i34	s112/i34	exact	diffed
s112/i35	s112/i35	s112/i35	exact	diffed
s112/i36	s112/i36	s112/i36	exact	diffed
s112/i37	s112/i37	s112/i37	exact	diffed
s112/i38	s112/i38	s112/i38	exact	diffed
s112/i40	s112/i40	s112/i40	exact	diffed
s112/i42	s112/i42	s112/i42	exact	diffed
s112/i43	s112/i43	s112/i43	exact	diffed
s112/i44	s112/i44	s112/i44	exact	diffed
s112/i46	s112/i46	s112/i46	exact	diffed
s112/i50	s112/i50	s112/i50	exact	diffed
s112/i51	s112/i51	s112/i51	exact	diffed
s112/i52	s112/i52	s112/i52	exact	diffed
s112/i53	s112/i53	s112/i53	exact	diffed
s112/i54	s112/i54	s112/i54	exact	diffed
s112/i56	s112/i56	s112/i56	exact	diffed
s112/i58	s112/i58	s112/i58	exact	diffed
s112/i59	s112/i59	s112/i59	exact	diffed
s112/i61	s112/i61	s112/i61	exact	diffed
s112/i62	s112/i62	s112/i62	exact	diffed
s112/i63	s112/i63	s112/i63	exact	diffed
s113/i2	s113/i2	s113/i2	exact	diffed
s113/i3	s113/i3	s113/i3	exact	diffed
s113/i5	s113/i5	s113/i5	exact	diffed
s113/i7	s113/i7	s113/i7	exact	diffed
s113/i8	s113/i8	s113/i8	exact	diffed
s113/i10	s113/i10	s113/i10	exact	diffed
s113/i11	s113/i11	s113/i11	exact	diffed
s113/i14	s113/i14	s113/i14	exact	diffed
s113/i17	s113/i17	s113/i17	exact	diffed
s113/i20	s113/i20	s113/i20	exact	diffed
s113/i23	s113/i23	s113/i23	exact	diffed
s113/i26	s113/i26	s113/i26	exact	diffed
s113/i27	s113/i27	s113/i27	exact	diffed
s113/i28	s113/i28	s113/i28	exact	diffed
s113/i30	s113/i30	s113/i30	exact	diffed
s113/i34	s113/i34	s113/i34	exact	diffed
s113/i35	s113/i35	s113/i35	exact	diffed
s113/i36	s113/i36	s113/i36	exact	diffed
s113/i37	s113/i37	s113/i37	exact	diffed
s113/i38	s113/i38	s113/i38	exact	diffed
s113/i40	s113/i40	s113/i40	exact	diffed
s113/i42	s113/i42	s113/i42	exact	diffed
s113/i43	s113/i43	s113/i43	exact	diffed
s113/i44	s113/i44	s113/i44	exact	diffed
s113/i46	s113/i46	s113/i46	exact	diffed
s113/i50	s113/i50	s113/i50	exact	diffed
s113/i51	s113/i51	s113/i51	exact	diffed
s113/i52	s113/i52	s113/i52	exact	diffed
s113/i53	s113/i53	s113/i53	exact	diffed
s113/i54	s113/i54	s113/i54	exact	diffed
s113/i56	s113/i56	s113/i56	exact	diffed
s113/i58	s113/i58	s113/i58	exact	diffed
s113/i59	s113/i59	s113/i59	exact	diffed
s113/i61	s113/i61	s113/i61	exact	diffed
s113/i62	s113/i62	s113/i62	exact	diffed
s113/i63	s113/i63	s113/i63	exact	diffed
s114/i2	s114/i2	s114/i2	exact	diffed
s114/i3	s114/i3	s114/i3	exact	diffed
s114/i5	s114/i5	s114/i5	exact	diffed
s114/i7	s114/i7	s114/i7	exact	diffed
s114/i8	s114/i8	s114/i8	exact	diffed
s114/i10	s114/i10	s114/i10	exact	diffed
s114/i11	s114/i11	s114/i11	exact	diffed
s114/i14	s114/i14	s114/i14	exact	diffed
s114/i17	s114/i17	s114/i17	exact	diffed
s114/i20	s114/i20	s114/i20	exact	diffed
s114/i23	s114/i23	s114/i23	exact	diffed
s114/i26	s114/i26	s114/i26	exact	diffed
s114/i27	s114/i27	s114/i27	exact	diffed
s114/i28	s114/i28	s114/i28	exact	diffed
s114/i30	s114/i30	s114/i30	exact	diffed
s114/i34	s114/i34	s114/i34	exact	diffed
s114/i35	s114/i35	s114/i35	exact	diffed
s114/i36	s114/i36	s114/i36	exact	diffed
s114/i37	s114/i37	s114/i37	exact	diffed
s114/i38	s114/i38	s114/i38	exact	diffed
s114/i40	s114/i40	s114/i40	exact	diffed
s114/i42	s114/i42	s114/i42	exact	diffed
s114/i43	s114/i43	s114/i43	exact	diffed
s114/i44	s114/i44	s114/i44	exact	diffed
s115/i2	s115/i2	s115/i2	exact	diffed
s115/i3	s115/i3	s115/i3	exact	diffed
s115/i5	s115/i5	s115/i5	exact	diffed
s115/i7	s115/i7	s115/i7	exact	diffed
s115/i8	s115/i8	s115/i8	exact	diffed
s115/i10	s115/i10	s115/i10	exact	diffed
s115/i11	s115/i11	s115/i11	exact	diffed
s115/i14	s115/i14	s115/i14	exact	diffed
s115/i17	s115/i17	s115/i17	exact	diffed
s115/i20	s115/i20	s115/i20	exact	diffed
s115/i23	s115/i23	s115/i23	exact	diffed
s115/i26	s115/i26	s115/i26	exact	diffed
s115/i27	s115/i27	s115/i27	exact	diffed
s115/i28	s115/i28	s115/i28	exact	diffed
s115/i30	s115/i30	s115/i30	exact	diffed
s115/i34	s115/i34	s115/i34	exact	diffed
s115/i35	s115/i35	s115/i35	exact	diffed
s115/i36	s115/i36	s115/i36	exact	diffed
s115/i37	s115/i37	s115/i37	exact	diffed
s115/i38	s115/i38	s115/i38	exact	diffed
s115/i40	s115/i40	s115/i40	exact	diffed
s115/i42	s115/i42	s115/i42	exact	diffed
s115/i43	s115/i43	s115/i43	exact	diffed
s115/i44	s115/i44	s115/i44	shape	diffed
s115/i46	s115/i46	s115/i46	exact	diffed
s115/i48	s115/i48	s115/i48	exact	diffed
s115/i50	s115/i50	s115/i50	exact	diffed
s115/i51	s115/i51	s115/i51	shape	diffed
s115/i52	s115/i52	s115/i52	shape	diffed
s115/i54	s115/i54	s115/i54	exact	diffed
s115/i55	s115/i55	s115/i55	shape	diffed
s116/i2	s116/i2	s116/i2	exact	diffed
s116/i3	s116/i3	s116/i3	exact	diffed
s116/i5	s116/i5	s116/i5	exact	diffed
s116/i7	s116/i7	s116/i7	exact	diffed
s116/i8	s116/i8	s116/i8	exact	diffed
s116/i10	s116/i10	s116/i10	exact	diffed
s116/i11	s116/i11	s116/i11	exact	diffed
s116/i14	s116/i14	s116/i14	exact	diffed
s116/i17	s116/i17	s116/i17	exact	diffed
s116/i20	s116/i20	s116/i20	exact	diffed
s116/i23	s116/i23	s116/i23	exact	diffed
s116/i26	s116/i26	s116/i26	exact	diffed
s116/i27	s116/i27	s116/i27	exact	diffed
s116/i28	s116/i28	s116/i28	exact	diffed
s116/i30	s116/i30	s116/i30	exact	diffed
s116/i34	s116/i34	s116/i34	exact	diffed
s116/i35	s116/i35	s116/i35	exact	diffed
s116/i36	s116/i36	s116/i36	exact	diffed
s116/i37	s116/i37	s116/i37	exact	diffed
s116/i38	s116/i38	s116/i38	exact	diffed
s116/i40	s116/i40	s116/i40	exact	diffed
s116/i42	s116/i42	s116/i42	exact	diffed
s116/i43	s116/i43	s116/i43	exact	diffed
s116/i44	s116/i44	s116/i44	shape	diffed
s116/i46	s116/i46	s116/i46	exact	diffed
s116/i48	s116/i48	s116/i48	exact	diffed
s116/i50	s116/i50	s116/i50	exact	diffed
s116/i51	s116/i51	s116/i51	shape	diffed
s116/i52	s116/i52	s116/i52	shape	diffed
s116/i54	s116/i54	s116/i54	exact	diffed
s116/i55	s116/i55	s116/i55	shape	diffed
s117/i2	s117/i2	s117/i2	exact	diffed
s117/i3	s117/i3	s117/i3	exact	diffed
s117/i5	s117/i5	s117/i5	exact	diffed
s117/i7	s117/i7	s117/i7	exact	diffed
s117/i8	s117/i8	s117/i8	exact	diffed
s117/i10	s117/i10	s117/i10	exact	diffed
s117/i11	s117/i11	s117/i11	exact	diffed
s117/i14	s117/i14	s117/i14	exact	diffed
s117/i17	s117/i17	s117/i17	exact	diffed
s117/i20	s117/i20	s117/i20	exact	diffed
s117/i23	s117/i23	s117/i23	exact	diffed
s117/i26	s117/i26	s117/i26	exact	diffed
s117/i27	s117/i27	s117/i27	exact	diffed
s117/i28	s117/i28	s117/i28	exact	diffed
s117/i30	s117/i30	s117/i30	exact	diffed
s117/i34	s117/i34	s117/i34	exact	diffed
s117/i35	s117/i35	s117/i35	exact	diffed
s117/i36	s117/i36	s117/i36	exact	diffed
s117/i37	s117/i37	s117/i37	exact	diffed
s117/i38	s117/i38	s117/i38	exact	diffed
s117/i40	s117/i40	s117/i40	exact	diffed
s117/i42	s117/i42	s117/i42	exact	diffed
s117/i43	s117/i43	s117/i43	exact	diffed
s117/i44	s117/i44	s117/i44	shape	diffed
s117/i46	s117/i46	s117/i46	exact	diffed
s117/i48	s117/i48	s117/i48	exact	diffed
s117/i50	s117/i50	s117/i50	exact	diffed
s117/i51	s117/i51	s117/i51	shape	diffed
s117/i52	s117/i52	s117/i52	shape	diffed
s117/i54	s117/i54	s117/i54	exact	diffed
s117/i56	s117/i56	s117/i56	exact	diffed
s117/i58	s117/i58	s117/i58	exact	diffed
s117/i59	s117/i59	s117/i59	shape	diffed
s117/i60	s117/i60	s117/i60	shape	diffed
s117/i62	s117/i62	s117/i62	exact	diffed
s117/i64	s117/i64	s117/i64	exact	diffed
s117/i66	s117/i66	s117/i66	exact	diffed
s117/i67	s117/i67	s117/i67	shape	diffed
s117/i68	s117/i68	s117/i68	shape	diffed
s117/i70	s117/i70	s117/i70	exact	diffed
s117/i71	s117/i71	s117/i71	shape	diffed
s118/i2	s118/i2	s118/i2	exact	diffed
s118/i3	s118/i3	s118/i3	exact	diffed
s118/i5	s118/i5	s118/i5	exact	diffed
s118/i7	s118/i7	s118/i7	exact	diffed
s118/i8	s118/i8	s118/i8	exact	diffed
s118/i10	s118/i10	s118/i10	exact	diffed
s118/i11	s118/i11	s118/i11	exact	diffed
s118/i14	s118/i14	s118/i14	exact	diffed
s118/i17	s118/i17	s118/i17	exact	diffed
s118/i20	s118/i20	s118/i20	exact	diffed
s118/i23	s118/i23	s118/i23	exact	diffed
s118/i26	s118/i26	s118/i26	exact	diffed
s118/i27	s118/i27	s118/i27	exact	diffed
s118/i28	s118/i28	s118/i28	exact	diffed
s118/i30	s118/i30	s118/i30	exact	diffed
s118/i34	s118/i34	s118/i34	exact	diffed
s118/i35	s118/i35	s118/i35	exact	diffed
s118/i36	s118/i36	s118/i36	exact	diffed
s118/i37	s118/i37	s118/i37	exact	diffed
s118/i38	s118/i38	s118/i38	exact	diffed
s118/i40	s118/i40	s118/i40	exact	diffed
s118/i42	s118/i42	s118/i42	exact	diffed
s118/i43	s118/i43	s118/i43	exact	diffed
s118/i44	s118/i44	s118/i44	shape	diffed
s118/i46	s118/i46	s118/i46	exact	diffed
s118/i47	s118/i47	s118/i47	shape	diffed
s119/i2	s119/i2	s119/i2	exact	diffed
s119/i3	s119/i3	s119/i3	exact	diffed
s119/i5	s119/i5	s119/i5	exact	diffed
s119/i7	s119/i7	s119/i7	exact	diffed
s119/i8	s119/i8	s119/i8	exact	diffed
s119/i10	s119/i10	s119/i10	exact	diffed
s119/i11	s119/i11	s119/i11	exact	diffed
s119/i14	s119/i14	s119/i14	exact	diffed
s119/i17	s119/i17	s119/i17	exact	diffed
s119/i20	s119/i20	s119/i20	exact	diffed
s119/i23	s119/i23	s119/i23	exact	diffed
s119/i26	s119/i26	s119/i26	exact	diffed
s119/i27	s119/i27	s119/i27	exact	diffed
s119/i28	s119/i28	s119/i28	exact	diffed
s119/i30	s119/i30	s119/i30	exact	diffed
s119/i34	s119/i34	s119/i34	exact	diffed
s119/i35	s119/i35	s119/i35	exact	diffed
s119/i36	s119/i36	s119/i36	exact	diffed
s119/i37	s119/i37	s119/i37	exact	diffed
s119/i38	s119/i38	s119/i38	exact	diffed
s119/i40	s119/i40	s119/i40	exact	diffed
s119/i42	s119/i42	s119/i42	exact	diffed
s119/i43	s119/i43	s119/i43	exact	diffed
s119/i44	s119/i44	s119/i44	shape	diffed
s119/i46	s119/i46	s119/i46	exact	diffed
s119/i47	s119/i47	s119/i47	shape	diffed
s120/i2	s120/i2	s120/i2	exact	diffed
s120/i3	s120/i3	s120/i3	exact	diffed
s120/i5	s120/i5	s120/i5	exact	diffed
s120/i7	s120/i7	s120/i7	exact	diffed
s120/i8	s120/i8	s120/i8	exact	diffed
s120/i10	s120/i10	s120/i10	exact	diffed
s120/i11	s120/i11	s120/i11	exact	diffed
s120/i14	s120/i14	s120/i14	exact	diffed
s120/i17	s120/i17	s120/i17	exact	diffed
s120/i20	s120/i20	s120/i20	exact	diffed
s120/i23	s120/i23	s120/i23	exact	diffed
s120/i26	s120/i26	s120/i26	exact	diffed
s120/i27	s120/i27	s120/i27	exact	diffed
s120/i28	s120/i28	s120/i28	exact	diffed
s120/i30	s120/i30	s120/i30	exact	diffed
s120/i34	s120/i34	s120/i34	exact	diffed
s120/i35	s120/i35	s120/i35	exact	diffed
s120/i36	s120/i36	s120/i36	exact	diffed
s120/i37	s120/i37	s120/i37	exact	diffed
s120/i38	s120/i38	s120/i38	exact	diffed
s120/i40	s120/i40	s120/i40	exact	diffed
s120/i42	s120/i42	s120/i42	exact	diffed
s120/i43	s120/i43	s120/i43	exact	diffed
s120/i44	s120/i44	s120/i44	shape	diffed
s120/i46	s120/i46	s120/i46	exact	diffed
s120/i48	s120/i48	s120/i48	exact	diffed
s120/i50	s120/i50	s120/i50	exact	diffed
s120/i51	s120/i51	s120/i51	shape	diffed
s120/i52	s120/i52	s120/i52	shape	diffed
s120/i54	s120/i54	s120/i54	exact	diffed
s120/i55	s120/i55	s120/i55	shape	diffed
s121/i2	s121/i2	s121/i2	exact	diffed
s121/i3	s121/i3	s121/i3	exact	diffed
s121/i5	s121/i5	s121/i5	exact	diffed
s121/i7	s121/i7	s121/i7	exact	diffed
s121/i8	s121/i8	s121/i8	exact	diffed
s121/i10	s121/i10	s121/i10	exact	diffed
s121/i11	s121/i11	s121/i11	exact	diffed
s121/i14	s121/i14	s121/i14	exact	diffed
s121/i17	s121/i17	s121/i17	exact	diffed
s121/i20	s121/i20	s121/i20	exact	diffed
s121/i23	s121/i23	s121/i23	exact	diffed
s121/i26	s121/i26	s121/i26	exact	diffed
s121/i27	s121/i27	s121/i27	exact	diffed
s121/i28	s121/i28	s121/i28	exact	diffed
s121/i30	s121/i30	s121/i30	exact	diffed
s121/i34	s121/i34	s121/i34	exact	diffed
s121/i35	s121/i35	s121/i35	exact	diffed
s121/i36	s121/i36	s121/i36	exact	diffed
s121/i37	s121/i37	s121/i37	exact	diffed
s121/i38	s121/i38	s121/i38	exact	diffed
s121/i40	s121/i40	s121/i40	exact	diffed
s121/i42	s121/i42	s121/i42	exact	diffed
s121/i43	s121/i43	s121/i43	exact	diffed
s121/i44	s121/i44	s121/i44	shape	diffed
s121/i46	s121/i46	s121/i46	exact	diffed
s121/i48	s121/i48	s121/i48	exact	diffed
s121/i50	s121/i50	s121/i50	exact	diffed
s121/i51	s121/i51	s121/i51	shape	diffed
s121/i52	s121/i52	s121/i52	shape	diffed
s121/i54	s121/i54	s121/i54	exact	diffed
s121/i56	s121/i56	s121/i56	exact	diffed
s121/i58	s121/i58	s121/i58	exact	diffed
s121/i59	s121/i59	s121/i59	shape	diffed
s121/i60	s121/i60	s121/i60	shape	diffed
s121/i62	s121/i62	s121/i62	exact	diffed
s121/i63	s121/i63	s121/i63	shape	diffed
s122/i2	s122/i2	s122/i2	exact	diffed
s122/i3	s122/i3	s122/i3	exact	diffed
s122/i5	s122/i5	s122/i5	exact	diffed
s122/i7	s122/i7	s122/i7	exact	diffed
s122/i8	s122/i8	s122/i8	exact	diffed
s122/i10	s122/i10	s122/i10	exact	diffed
s122/i11	s122/i11	s122/i11	exact	diffed
s122/i14	s122/i14	s122/i14	exact	diffed
s122/i17	s122/i17	s122/i17	exact	diffed
s122/i20	s122/i20	s122/i20	exact	diffed
s122/i23	s122/i23	s122/i23	exact	diffed
s122/i26	s122/i26	s122/i26	exact	diffed
s122/i27	s122/i27	s122/i27	exact	diffed
s122/i28	s122/i28	s122/i28	exact	diffed
s122/i30	s122/i30	s122/i30	exact	diffed
s122/i34	s122/i34	s122/i34	exact	diffed
s122/i35	s122/i35	s122/i35	exact	diffed
s122/i36	s122/i36	s122/i36	exact	diffed
s122/i37	s122/i37	s122/i37	exact	diffed
s122/i38	s122/i38	s122/i38	exact	diffed
s122/i40	s122/i40	s122/i40	exact	diffed
s122/i42	s122/i42	s122/i42	exact	diffed
s122/i43	s122/i43	s122/i43	exact	diffed
s122/i44	s122/i44	s122/i44	shape	diffed
s122/i46	s122/i46	s122/i46	exact	diffed
s122/i48	s122/i48	s122/i48	exact	diffed
s122/i50	s122/i50	s122/i50	exact	diffed
s122/i51	s122/i51	s122/i51	shape	diffed
s123/i2	s123/i2	s123/i2	exact	diffed
s123/i3	s123/i3	s123/i3	exact	diffed
s123/i5	s123/i5	s123/i5	exact	diffed
s123/i7	s123/i7	s123/i7	exact	diffed
s123/i8	s123/i8	s123/i8	exact	diffed
s123/i10	s123/i10	s123/i10	exact	diffed
s123/i11	s123/i11	s123/i11	exact	diffed
s123/i14	s123/i14	s123/i14	exact	diffed
s123/i17	s123/i17	s123/i17	exact	diffed
s123/i20	s123/i20	s123/i20	exact	diffed
s123/i23	s123/i23	s123/i23	exact	diffed
s123/i26	s123/i26	s123/i26	exact	diffed
s123/i27	s123/i27	s123/i27	exact	diffed
s123/i28	s123/i28	s123/i28	exact	diffed
s123/i30	s123/i30	s123/i30	exact	diffed
s123/i34	s123/i34	s123/i34	exact	diffed
s123/i35	s123/i35	s123/i35	exact	diffed
s123/i36	s123/i36	s123/i36	exact	diffed
s123/i37	s123/i37	s123/i37	exact	diffed
s123/i38	s123/i38	s123/i38	exact	diffed
s123/i40	s123/i40	s123/i40	exact	diffed
s123/i42	s123/i42	s123/i42	exact	diffed
s123/i43	s123/i43	s123/i43	exact	diffed
s123/i44	s123/i44	s123/i44	shape	diffed
s123/i46	s123/i46	s123/i46	exact	diffed
s123/i48	s123/i48	s123/i48	exact	diffed
s123/i50	s123/i50	s123/i50	exact	diffed
s123/i51	s123/i51	s123/i51	shape	diffed
s124/i2	s124/i2	s124/i2	exact	diffed
s124/i3	s124/i3	s124/i3	exact	diffed
s124/i5	s124/i5	s124/i5	exact	diffed
s124/i7	s124/i7	s124/i7	exact	diffed
s124/i8	s124/i8	s124/i8	exact	diffed
s124/i10	s124/i10	s124/i10	exact	diffed
s124/i11	s124/i11	s124/i11	exact	diffed
s124/i14	s124/i14	s124/i14	exact	diffed
s124/i17	s124/i17	s124/i17	exact	diffed
s124/i20	s124/i20	s124/i20	exact	diffed
s124/i23	s124/i23	s124/i23	exact	diffed
s124/i26	s124/i26	s124/i26	exact	diffed
s124/i27	s124/i27	s124/i27	exact	diffed
s124/i28	s124/i28	s124/i28	exact	diffed
s124/i30	s124/i30	s124/i30	exact	diffed
s124/i34	s124/i34	s124/i34	exact	diffed
s124/i35	s124/i35	s124/i35	exact	diffed
s124/i36	s124/i36	s124/i36	exact	diffed
s124/i37	s124/i37	s124/i37	exact	diffed
s124/i38	s124/i38	s124/i38	exact	diffed
s124/i40	s124/i40	s124/i40	exact	diffed
s124/i42	s124/i42	s124/i42	exact	diffed
s124/i43	s124/i43	s124/i43	exact	diffed
s124/i44	s124/i44	s124/i44	shape	diffed
s124/i46	s124/i46	s124/i46	exact	diffed
s124/i48	s124/i48	s124/i48	exact	diffed
s124/i50	s124/i50	s124/i50	exact	diffed
s124/i51	s124/i51	s124/i51	shape	diffed
s124/i52	s124/i52	s124/i52	shape	diffed
s124/i54	s124/i54	s124/i54	exact	diffed
s124/i56	s124/i56	s124/i56	exact	diffed
s124/i58	s124/i58	s124/i58	exact	diffed
s124/i59	s124/i59	s124/i59	shape	diffed
s125/i2	s125/i2	s125/i2	exact	diffed
s125/i3	s125/i3	s125/i3	exact	diffed
s125/i5	s125/i5	s125/i5	exact	diffed
s125/i7	s125/i7	s125/i7	exact	diffed
s125/i8	s125/i8	s125/i8	exact	diffed
s125/i10	s125/i10	s125/i10	exact	diffed
s125/i11	s125/i11	s125/i11	exact	diffed
s125/i14	s125/i14	s125/i14	exact	diffed
s125/i17	s125/i17	s125/i17	exact	diffed
s125/i20	s125/i20	s125/i20	exact	diffed
s125/i23	s125/i23	s125/i23	exact	diffed
s125/i26	s125/i26	s125/i26	exact	diffed
s125/i27	s125/i27	s125/i27	exact	diffed
s125/i28	s125/i28	s125/i28	exact	diffed
s125/i30	s125/i30	s125/i30	exact	diffed
s125/i34	s125/i34	s125/i34	exact	diffed
s125/i35	s125/i35	s125/i35	exact	diffed
s125/i36	s125/i36	s125/i36	exact	diffed
s125/i37	s125/i37	s125/i37	exact	diffed
s125/i38	s125/i38	s125/i38	exact	diffed
s125/i40	s125/i40	s125/i40	exact	diffed
s125/i42	s125/i42	s125/i42	exact	diffed
s125/i43	s125/i43	s125/i43	exact	diffed
s125/i44	s125/i44	s125/i44	shape	diffed
s125/i46	s125/i46	s125/i46	exact	diffed
s125/i48	s125/i48	s125/i48	exact	diffed
s125/i50	s125/i50	s125/i50	exact	diffed
s125/i51	s125/i51	s125/i51	shape	diffed
s125/i52	s125/i52	s125/i52	shape	diffed
s125/i54	s125/i54	s125/i54	exact	diffed
s125/i56	s125/i56	s125/i56	exact	diffed
s125/i58	s125/i58	s125/i58	exact	diffed
s125/i59	s125/i59	s125/i59	shape	diffed
s125/i60	s125/i60	s125/i60	shape	diffed
s125/i62	s125/i62	s125/i62	exact	diffed
s125/i64	s125/i64	s125/i64	exact	diffed
s125/i66	s125/i66	s125/i66	exact	diffed
s125/i67	s125/i67	s125/i67	shape	diffed
s126/i0	s126/i0	s126/i0	shape	diffed
s126/i2	s126/i2	s126/i2	exact	diffed
s126/i3	s126/i3	s126/i3	shape	diffed
s127/i0	s127/i0	s127/i0	shape	diffed
s127/i1	s127/i1	s127/i1	shape	diffed
s128/i0	s128/i0	s128/i0	exact	diffed
s128/i1	s128/i1	s128/i1	exact	diffed
s129/i0	s129/i0	s129/i0	exact	diffed
s129/i1	s129/i1	s129/i1	exact	diffed
s130/i0	s130/i0	s130/i0	exact	diffed
s130/i1	s130/i1	s130/i1	exact	diffed
s131/i0	s131/i0	s131/i0	exact	diffed
s131/i1	s131/i1	s131/i1	exact	diffed
s132/i0	s132/i0	s132/i0	exact	diffed
s132/i1	s132/i1	s132/i1	exact	diffed
s133/i0	s133/i0	s133/i0	exact	diffed
s134/i0	s134/i0	s134/i0	exact	diffed
s135/i0	s135/i0	s135/i0	exact	diffed
s136/i2	s136/i2	s136/i2	exact	diffed
s136/i3	s136/i3	s136/i3	exact	diffed
s136/i5	s136/i5	s136/i5	exact	diffed
s136/i7	s136/i7	s136/i7	exact	diffed
s136/i8	s136/i8	s136/i8	exact	diffed
s136/i10	s136/i10	s136/i10	exact	diffed
s136/i11	s136/i11	s136/i11	exact	diffed
s136/i14	s136/i14	s136/i14	exact	diffed
s136/i17	s136/i17	s136/i17	exact	diffed
s136/i20	s136/i20	s136/i20	exact	diffed
s136/i23	s136/i23	s136/i23	exact	diffed
s136/i26	s136/i26	s136/i26	exact	diffed
s136/i27	s136/i27	s136/i27	exact	diffed
s137/i0	s137/i0	s137/i0	exact	diffed
s137/i1	s137/i1	s137/i1	exact	diffed
s138/i0	s138/i0	s138/i0	exact	diffed
s138/i1	s138/i1	s138/i1	exact	diffed
s139/i0	s139/i0	s139/i0	exact	diffed
s139/i1	s139/i1	s139/i1	exact	diffed
s140/i0	s140/i0	s140/i0	exact	diffed
s140/i1	s140/i1	s140/i1	exact	diffed
s141/i0	s141/i0	s141/i0	exact	diffed
s141/i1	s141/i1	s141/i1	exact	diffed
s142/i0	s142/i0	s142/i0	exact	diffed
s142/i1	s142/i1	s142/i1	exact	diffed
s143/i2	s143/i2	s143/i2	exact	diffed
s143/i3	s143/i3	s143/i3	exact	diffed
s143/i5	s143/i5	s143/i5	exact	diffed
s143/i7	s143/i7	s143/i7	exact	diffed
s143/i8	s143/i8	s143/i8	exact	diffed
s143/i9	s143/i9	s143/i9	exact	diffed
s144/i0	s144/i0	s144/i0	exact	diffed
s144/i2	s144/i2	s144/i2	exact	diffed
s144/i3	s144/i3	s144/i3	exact	diffed
s144/i4	s144/i4	s144/i4	exact	diffed
s144/i5	s144/i5	s144/i5	exact	diffed
s145/i0	s145/i0	s145/i0	exact	diffed
s145/i2	s145/i2	s145/i2	exact	diffed
s145/i3	s145/i3	s145/i3	exact	diffed
s146/i0	s146/i0	s146/i0	exact	diffed
s146/i2	s146/i2	s146/i2	exact	diffed
s146/i3	s146/i3	s146/i3	exact	diffed
s146/i5	s146/i5	s146/i5	exact	diffed
s146/i6	s146/i6	s146/i6	exact	diffed
s146/i7	s146/i7	s146/i7	shape	diffed
s147/i0	s147/i0	s147/i0	exact	diffed
s147/i2	s147/i2	s147/i2	exact	diffed
s147/i3	s147/i3	s147/i3	exact	diffed
s147/i5	s147/i5	s147/i5	exact	diffed
s147/i6	s147/i6	s147/i6	exact	diffed
s147/i7	s147/i7	s147/i7	shape	diffed
s148/i1	s148/i1	s148/i1	exact	diffed
s148/i2	s148/i2	s148/i2	exact	diffed
s148/i3	s148/i3	s148/i3	shape	diffed
s149/i0	s149/i0	s149/i0	exact	diffed
s149/i1	s149/i1	s149/i1	exact	diffed
s150/i0	s150/i0	s150/i0	exact	diffed
s150/i1	s150/i1	s150/i1	exact	diffed
s151/i2	s151/i2	s151/i2	exact	diffed
s151/i3	s151/i3	s151/i3	exact	diffed
s151/i5	s151/i5	s151/i5	exact	diffed
s151/i7	s151/i7	s151/i7	exact	diffed
s151/i8	s151/i8	s151/i8	exact	diffed
s151/i10	s151/i10	s151/i10	exact	diffed
s151/i11	s151/i11	s151/i11	exact	diffed
s151/i14	s151/i14	s151/i14	exact	diffed
s151/i17	s151/i17	s151/i17	exact	diffed
s151/i20	s151/i20	s151/i20	exact	diffed
s151/i23	s151/i23	s151/i23	exact	diffed
s151/i26	s151/i26	s151/i26	exact	diffed
s151/i27	s151/i27	s151/i27	exact	diffed
s151/i28	s151/i28	s151/i28	exact	diffed
s151/i30	s151/i30	s151/i30	exact	diffed
s151/i31	s151/i31	s151/i31	exact	diffed
s152/i2	s152/i2	s152/i2	exact	diffed
s152/i3	s152/i3	s152/i3	exact	diffed
s152/i5	s152/i5	s152/i5	exact	diffed
s152/i7	s152/i7	s152/i7	exact	diffed
s152/i8	s152/i8	s152/i8	exact	diffed
s152/i10	s152/i10	s152/i10	exact	diffed
s152/i11	s152/i11	s152/i11	exact	diffed
s152/i14	s152/i14	s152/i14	exact	diffed
s152/i17	s152/i17	s152/i17	exact	diffed
s152/i20	s152/i20	s152/i20	exact	diffed
s152/i23	s152/i23	s152/i23	exact	diffed
s152/i26	s152/i26	s152/i26	exact	diffed
s152/i27	s152/i27	s152/i27	exact	diffed
s152/i28	s152/i28	s152/i28	exact	diffed
s152/i30	s152/i30	s152/i30	exact	diffed
s152/i31	s152/i31	s152/i31	exact	diffed
s153/i0	s153/i0	s153/i0	exact	diffed
s153/i2	s153/i2	s153/i2	exact	diffed
s153/i4	s153/i4	s153/i4	exact	diffed
s153/i6	s153/i6	s153/i6	exact	diffed
s153/i7	s153/i7	s153/i7	exact	diffed
s154/i2	s154/i2	s154/i2	exact	diffed
s154/i3	s154/i3	s154/i3	exact	diffed
s154/i5	s154/i5	s154/i5	exact	diffed
s154/i7	s154/i7	s154/i7	exact	diffed
s154/i8	s154/i8	s154/i8	exact	diffed
s154/i10	s154/i10	s154/i10	exact	diffed
s154/i11	s154/i11	s154/i11	exact	diffed
s154/i14	s154/i14	s154/i14	exact	diffed
s154/i17	s154/i17	s154/i17	exact	diffed
s154/i20	s154/i20	s154/i20	exact	diffed
s154/i23	s154/i23	s154/i23	exact	diffed
s154/i26	s154/i26	s154/i26	exact	diffed
s154/i27	s154/i27	s154/i27	exact	diffed
s154/i28	s154/i28	s154/i28	exact	diffed
s154/i30	s154/i30	s154/i30	exact	diffed
s154/i34	s154/i34	s154/i34	exact	diffed
s154/i35	s154/i35	s154/i35	exact	diffed
s154/i36	s154/i36	s154/i36	exact	diffed
s154/i37	s154/i37	s154/i37	exact	diffed
s154/i38	s154/i38	s154/i38	exact	diffed
s154/i40	s154/i40	s154/i40	exact	diffed
s154/i42	s154/i42	s154/i42	exact	diffed
s154/i43	s154/i43	s154/i43	exact	diffed
s154/i44	s154/i44	s154/i44	exact	diffed
s154/i46	s154/i46	s154/i46	exact	diffed
s154/i47	s154/i47	s154/i47	exact	diffed
s155/i0	s155/i0	s155/i0	exact	diffed
s155/i2	s155/i2	s155/i2	exact	diffed
s155/i3	s155/i3	s155/i3	exact	diffed
s156/i2	s156/i2	s156/i2	exact	diffed
s156/i3	s156/i3	s156/i3	exact	diffed
s156/i5	s156/i5	s156/i5	exact	diffed
s156/i7	s156/i7	s156/i7	exact	diffed
s156/i8	s156/i8	s156/i8	exact	diffed
s156/i10	s156/i10	s156/i10	exact	diffed
s156/i11	s156/i11	s156/i11	exact	diffed
s156/i14	s156/i14	s156/i14	exact	diffed
s156/i17	s156/i17	s156/i17	exact	diffed
s156/i20	s156/i20	s156/i20	exact	diffed
s156/i23	s156/i23	s156/i23	exact	diffed
s156/i26	s156/i26	s156/i26	exact	diffed
s156/i27	s156/i27	s156/i27	exact	diffed
s156/i28	s156/i28	s156/i28	exact	diffed
s156/i30	s156/i30	s156/i30	exact	diffed
s156/i31	s156/i31	s156/i31	exact	diffed
s157/i0	s157/i0	s157/i0	exact	diffed
s157/i2	s157/i2	s157/i2	exact	diffed
s157/i3	s157/i3	s157/i3	exact	diffed
s158/i0	s158/i0	s158/i0	exact	diffed
s158/i2	s158/i2	s158/i2	exact	diffed
s158/i3	s158/i3	s158/i3	exact	diffed
s159/i0	s159/i0	s159/i0	exact	diffed
s159/i2	s159/i2	s159/i2	exact	diffed
s159/i5	s159/i5	s159/i5	exact	diffed
s159/i6	s159/i6	s159/i6	exact	diffed
s159/i7	s159/i7	s159/i7	exact	diffed
s160/i0	s160/i0	s160/i0	exact	diffed
s160/i2	s160/i2	s160/i2	exact	diffed
s160/i5	s160/i5	s160/i5	exact	diffed
s160/i6	s160/i6	s160/i6	exact	diffed
s160/i7	s160/i7	s160/i7	exact	diffed
s160/i10	s160/i10	s160/i10	exact	diffed
s160/i12	s160/i12	s160/i12	exact	diffed
s160/i15	s160/i15	s160/i15	exact	diffed
s161/i0	s161/i0	s161/i0	exact	diffed
s161/i2	s161/i2	s161/i2	exact	diffed
s161/i5	s161/i5	s161/i5	exact	diffed
s161/i6	s161/i6	s161/i6	exact	diffed
s161/i7	s161/i7	s161/i7	exact	diffed
s161/i10	s161/i10	s161/i10	exact	diffed
s161/i12	s161/i12	s161/i12	exact	diffed
s161/i15	s161/i15	s161/i15	exact	diffed
s161/i18	s161/i18	s161/i18	exact	diffed
s161/i19	s161/i19	s161/i19	exact	diffed
s162/i0	s162/i0	s162/i0	exact	diffed
s162/i2	s162/i2	s162/i2	exact	diffed
s162/i5	s162/i5	s162/i5	exact	diffed
s162/i6	s162/i6	s162/i6	exact	diffed
s162/i7	s162/i7	s162/i7	exact	diffed
s162/i10	s162/i10	s162/i10	exact	diffed
s162/i12	s162/i12	s162/i12	exact	diffed
s163/i0	s163/i0	s163/i0	exact	diffed
s163/i2	s163/i2	s163/i2	exact	diffed
s163/i5	s163/i5	s163/i5	exact	diffed
s163/i6	s163/i6	s163/i6	exact	diffed
s163/i7	s163/i7	s163/i7	exact	diffed
s163/i10	s163/i10	s163/i10	exact	diffed
s163/i11	s163/i11	s163/i11	exact	diffed
s164/i0	s164/i0	s164/i0	exact	diffed
s164/i2	s164/i2	s164/i2	exact	diffed
s164/i3	s164/i3	s164/i3	exact	diffed
s164/i4	s164/i4	s164/i4	exact	diffed
s164/i5	s164/i5	s164/i5	exact	diffed
s165/i1	s165/i1	s165/i1	exact	diffed
s166/i1	s166/i1	s166/i1	exact	diffed
s167/i1	s167/i1	s167/i1	exact	diffed
s168/i1	s168/i1	s168/i1	exact	diffed
s169/i1	s169/i1	s169/i1	exact	diffed
s170/i1	s170/i1	s170/i1	exact	diffed
s171/i1	s171/i1	s171/i1	exact	diffed
s174/i1	s174/i1	s174/i1	exact	diffed
s175/i1	s175/i1	s175/i1	exact	diffed
s176/i1	s176/i1	s176/i1	exact	diffed
s177/i0	s177/i0	s177/i0	exact	diffed
s177/i2	s177/i2	s177/i2	exact	diffed
s177/i5	s177/i5	s177/i5	exact	diffed
s178/i0	s178/i0	s178/i0	exact	diffed
s178/i1	s178/i1	s178/i1	exact	diffed
s179/i0	s179/i0	s179/i0	exact	diffed
s179/i2	s179/i2	s179/i2	exact	diffed
s179/i5	s179/i5	s179/i5	exact	diffed
s179/i8	s179/i8	s179/i8	exact	diffed
s179/i10	s179/i10	s179/i10	exact	diffed
s180/i0	s180/i0	s180/i0	exact	diffed
s180/i2	s180/i2	s180/i2	exact	diffed
s180/i5	s180/i5	s180/i5	exact	diffed
s180/i8	s180/i8	s180/i8	exact	diffed
s180/i9	s180/i9	s180/i9	exact	diffed
s182/i1	s182/i1	s182/i1	shape	diffed
s183/i1	s183/i1	s183/i1	exact	diffed
s184/i1	s184/i1	s184/i1	exact	diffed
s185/i1	s185/i1	s185/i1	exact	diffed
s186/i0	s186/i0	s186/i0	exact	diffed
s186/i3	s186/i3	s186/i3	exact	diffed
s187/i0	s187/i0	s187/i0	exact	diffed
s187/i1	s187/i1	s187/i1	exact	diffed
s188/i0	s188/i0	s188/i0	exact	diffed
s188/i1	s188/i1	s188/i1	exact	diffed
s189/i0	s189/i0	s189/i0	exact	diffed
s189/i1	s189/i1	s189/i1	exact	diffed
s190/i0	s190/i0	s190/i0	exact	diffed
s190/i1	s190/i1	s190/i1	exact	diffed
s191/i0	s191/i0	s191/i0	exact	diffed
s191/i1	s191/i1	s191/i1	exact	diffed
s192/i0	s192/i0	s192/i0	exact	diffed
s192/i1	s192/i1	s192/i1	exact	diffed
s193/i0	s193/i0	s193/i0	exact	diffed
s193/i1	s193/i1	s193/i1	exact	diffed
s194/i0	s194/i0	s194/i0	shape	diffed
s194/i1	s194/i1	s194/i1	shape	diffed
s195/i0	s195/i0	s195/i0	exact	diffed
s195/i1	s195/i1	s195/i1	exact	diffed
s196/i0	s196/i0	s196/i0	exact	diffed
s196/i1	s196/i1	s196/i1	exact	diffed
s197/i0	s197/i0	s197/i0	exact	diffed
s197/i1	s197/i1	s197/i1	exact	diffed
s198/i0	s198/i0	s198/i0	exact	diffed
s198/i1	s198/i1	s198/i1	exact	diffed
s199/i0	s199/i0	s199/i0	exact	diffed
s199/i1	s199/i1	s199/i1	exact	diffed
s200/i0	s200/i0	s200/i0	exact	diffed
s200/i1	s200/i1	s200/i1	exact	diffed
s201/i0	s201/i0	s201/i0	exact	diffed
s202/i0	s202/i0	s202/i0	exact	diffed
s203/i0	s203/i0	s203/i0	exact	diffed
s204/i2	s204/i2	s204/i2	exact	diffed
s204/i3	s204/i3	s204/i3	exact	diffed
s204/i5	s204/i5	s204/i5	exact	diffed
s204/i7	s204/i7	s204/i7	exact	diffed
s204/i8	s204/i8	s204/i8	exact	diffed
s204/i10	s204/i10	s204/i10	exact	diffed
s204/i11	s204/i11	s204/i11	exact	diffed
s204/i14	s204/i14	s204/i14	exact	diffed
s204/i19	s204/i19	s204/i19	exact	diffed
s205/i0	s205/i0	s205/i0	exact	diffed
s205/i1	s205/i1	s205/i1	exact	diffed
s206/i0	s206/i0	s206/i0	exact	diffed
s206/i1	s206/i1	s206/i1	exact	diffed
s207/i0	s207/i0	s207/i0	exact	diffed
s207/i1	s207/i1	s207/i1	exact	diffed
s208/i0	s208/i0	s208/i0	exact	diffed
s208/i1	s208/i1	s208/i1	exact	diffed
s209/i0	s209/i0	s209/i0	exact	diffed
s209/i1	s209/i1	s209/i1	exact	diffed
s210/i0	s210/i0	s210/i0	exact	diffed
s210/i1	s210/i1	s210/i1	exact	diffed
s211/i2	s211/i2	s211/i2	exact	diffed
s211/i3	s211/i3	s211/i3	exact	diffed
s211/i5	s211/i5	s211/i5	exact	diffed
s211/i7	s211/i7	s211/i7	exact	diffed
s211/i8	s211/i8	s211/i8	exact	diffed
s211/i9	s211/i9	s211/i9	exact	diffed
