lane	round	exit	wall_s	xunit_s	vstest_total_s	window_s	assembly_s	report_ms	scenarios	passed	failed	total
C-sync1	1	0	5.866	1.770	4.645	0.816	0.902	849	2000	2000	0	2000
C-sync0	1	0	2.566	1.210	1.671	0.729	0.793	404	2000	2000	0	2000
A	1	0	5.480	2.040	4.306	0.836			2000	2000	0	2000
C-sync1	2	0	2.896	1.540	2.012	0.766	0.841	688	2000	2000	0	2000
C-sync0	2	0	2.781	1.290	1.770	0.760	0.827	455	2000	2000	0	2000
A	2	0	3.199	1.710	2.223	0.722			2000	2000	0	2000
C-sync1	3	0	3.171	1.750	2.217	0.788	0.856	872	2000	2000	0	2000
C-sync0	3	0	2.576	1.230	1.684	0.765	0.829	386	2000	2000	0	2000
A	3	0	3.169	1.810	2.291	0.858			2000	2000	0	2000
C-sync1	4	0	2.980	1.520	2.048	0.763	0.829	673	2000	2000	0	2000
C-sync0	4	0	2.664	1.250	1.733	0.764	0.827	414	2000	2000	0	2000
A	4	0	3.411	1.890	2.426	0.745			2000	2000	0	2000
C-sync1	5	0	2.887	1.470	1.940	0.762	0.830	632	2000	2000	0	2000
C-sync0	5	0	2.794	1.290	1.758	0.745	0.810	457	2000	2000	0	2000
A	5	0	3.222	1.770	2.250	0.740			2000	2000	0	2000
