s0/i2	s0/i1	s0/i1	exact	diffed
s0/i3	s0/i3	s0/i3	exact	diffed
s0/i5	s0/i5	s0/i5	exact	diffed
s0/i7	s0/i7	s0/i7	exact	diffed
s0/i8	s0/i8	s0/i8	exact	diffed
s0/i9	s0/i10	s0/i10	exact	diffed
s0/i11	s0/i9	s0/i9	exact	diffed
s1/i2	s1/i1	s1/i1	exact	diffed
s1/i3	s1/i3	s1/i3	exact	diffed
s1/i5	s1/i5	s1/i5	exact	diffed
s1/i7	s1/i7	s1/i7	exact	diffed
s1/i8	s1/i8	s1/i8	exact	diffed
s1/i9	s1/i10	s1/i10	exact	diffed
s1/i11	s1/i9	s1/i9	exact	diffed
s2/i2	s2/i1	s2/i1	exact	diffed
s2/i3	s2/i3	s2/i3	exact	diffed
s2/i5	s2/i5	s2/i5	exact	diffed
s2/i7	s2/i7	s2/i7	exact	diffed
s2/i8	s2/i8	s2/i8	exact	diffed
s2/i9	s2/i10	s2/i10	exact	diffed
s2/i11	s2/i9	s2/i9	exact	diffed
s3/i2	s3/i1	s3/i1	exact	diffed
s3/i3	s3/i3	s3/i3	exact	diffed
s3/i5	s3/i5	s3/i5	exact	diffed
s3/i6	s3/i6	s3/i6	exact	diffed
s3/i7	s3/i7	s3/i7	exact	diffed
s4/i2	s4/i1	s4/i1	exact	diffed
s4/i3	s4/i3	s4/i3	exact	diffed
s4/i5	s4/i5	s4/i5	exact	diffed
s4/i6	s4/i6	s4/i6	exact	diffed
s4/i7	s4/i7	s4/i7	exact	diffed
s5/i1	s5/i3	s5/i3	exact	diffed
s5/i3	s5/i1	s5/i1	exact	diffed
s5/i4	s5/i4	s5/i4	exact	diffed
s5/i5	s5/i5	s5/i5	exact	diffed
s6/i2	s6/i1	s6/i1	exact	diffed
s6/i3	s6/i3	s6/i3	exact	diffed
s6/i5	s6/i5	s6/i5	exact	diffed
s6/i7	s6/i7	s6/i7	exact	diffed
s7/i2	s7/i1	s7/i1	exact	diffed
s7/i3	s7/i3	s7/i3	exact	diffed
s7/i5	s7/i5	s7/i5	exact	diffed
s7/i7	s7/i7	s7/i7	exact	diffed
s7/i8	s7/i8	s7/i8	exact	diffed
s7/i9	s7/i10	s7/i10	exact	diffed
s7/i11	s7/i9	s7/i9	exact	diffed
s8/i2	s8/i1	s8/i1	exact	diffed
s8/i3	s8/i3	s8/i3	exact	diffed
s8/i5	s8/i5	s8/i5	exact	diffed
s8/i7	s8/i7	s8/i7	exact	diffed
s8/i8	s8/i8	s8/i8	exact	diffed
s8/i9	s8/i10	s8/i10	exact	diffed
s8/i11	s8/i9	s8/i9	exact	diffed
s9/i2	s9/i1	s9/i1	exact	diffed
s9/i3	s9/i3	s9/i3	exact	diffed
s9/i5	s9/i5	s9/i5	exact	diffed
s9/i7	s9/i7	s9/i7	exact	diffed
s9/i8	s9/i8	s9/i8	exact	diffed
s9/i9	s9/i10	s9/i10	exact	diffed
s9/i11	s9/i9	s9/i9	exact	diffed
s10/i2	s10/i1	s10/i1	exact	diffed
s10/i3	s10/i3	s10/i3	exact	diffed
s10/i5	s10/i5	s10/i5	exact	diffed
s10/i7	s10/i7	s10/i7	exact	diffed
s10/i8	s10/i8	s10/i8	exact	diffed
s10/i9	s10/i10	s10/i10	exact	diffed
s10/i11	s10/i9	s10/i9	exact	diffed
s11/i2	s11/i1	s11/i1	exact	diffed
s11/i3	s11/i3	s11/i3	exact	diffed
s11/i5	s11/i5	s11/i5	exact	diffed
s11/i7	s11/i7	s11/i7	exact	diffed
s11/i8	s11/i8	s11/i8	exact	diffed
s11/i9	s11/i10	s11/i10	exact	diffed
s11/i11	s11/i9	s11/i9	exact	diffed
s12/i1	s12/i1	s12/i1	exact	diffed
s13/i1	s13/i1	s13/i1	exact	diffed
s14/i1	s14/i1	s14/i1	exact	diffed
s15/i2	s15/i1	s15/i1	exact	diffed
s15/i3	s15/i3	s15/i3	exact	diffed
s16/i2	s16/i1	s16/i1	exact	diffed
s16/i3	s16/i3	s16/i3	exact	diffed
